2026-08-15T08:19:03Z	1786781943	session_created	session_id=20260815T081830Z repo_head=962aa132acb893136f76c8c4669524e698e8f52a target_id=150100424a544434520325834a7c4900
2026-08-15T08:20:33Z	1786782033	baseline_recorded	device_baseline_sha256=aaee76582d64012c1a7d0e2ba17f588eb89104004f7b8a18e3377df148096c38 inputs_manifest_sha256=ef47d2d154dab4e791931b53e1411df67033adff16efe7142aecd8de7e7a315d original_sha256=878a8837e0b7eb9f6c26735271096e80bf296f7e57765ae21752432225ad8607 original_build_id=166974de2a7ac2e0c93793a2417bc397 wrapper_sha256=ea9ae9d1a6ee0da67591018aabf5af8953bb7252b1d338c8fc30a5097ea917a1 shim_sha256=394b1f670ae9ca03ed267c9b3b41335c14ea5a7e6d685308e5f0648e7e40476d libcrypto_sha256=c203da1b8bb3f0537c8573ada0dd76a2297bd48da9a757cd948d5b80076eb2cf
2026-08-15T08:22:33Z	1786782153	device_inputs_staged	all_device_sha256_match_host=true backup_sha256=878a8837e0b7eb9f6c26735271096e80bf296f7e57765ae21752432225ad8607 backup_path=/data/local/tmp/arktrace-hiprofilerd-backup-20260815T081830Z/hiprofilerd
2026-08-15T08:22:39Z	1786782159	system_modification_start	authorization=user_reauthorized_recapture scope=temporary_hiprofilerd_wrapper_and_sha256_checkpoint_shim restore_required=true
2026-08-15T08:24:07Z	1786782247	hiprofilerd_stopped	startup_state=5 pid=0 stop_parameter=hiviewdfx.hiprofiler.profilerd.start=0
2026-08-15T08:25:52Z	1786782352	deployment_verified_rw_negative_passed	root_mount=rw wrapper_sha256=ea9ae9d1a6ee0da67591018aabf5af8953bb7252b1d338c8fc30a5097ea917a1 original_sha256=878a8837e0b7eb9f6c26735271096e80bf296f7e57765ae21752432225ad8607 shim_sha256=394b1f670ae9ca03ed267c9b3b41335c14ea5a7e6d685308e5f0648e7e40476d negative=wrapper_refused_writable_filesystem errno=30
2026-08-15T08:29:33Z	1786782573	wrapper_v2_rejected	cause=manually_transcribed_original_sha256_tail_error computed=878a8837e0b7eb9f6c26735271096e80bf296f7e57765ae21752432225ad8607 embedded=878a8837e0b7eb9f6c26735271096e80bf296f7e57765ae2175243225ad8607d capture_started=false fail_closed=true
2026-08-15T08:29:33Z	1786782573	wrapper_v3_built	wrapper_sha256=acdfc24bed559672f46111216ccfbedbabbf38115c6999213fda6a635c4e80ca wrapper_build_id=8e8b391b88e2a79cf1ac06897b3ecfd0f280351a wrong_digest_negative_sha256=cd6d75827e93f18e716e645c5b995b7d0eb3ee3c9497fd2bb51674982f116086 source_sha256=9968aecde892e9596205eb6e9aaf95c2b4246505e784bdc077b5ec597e766800 inputs_v3_manifest_sha256=b39229431a5c96b3aa889b872c7054711e538706614c6a8f65e4a2e219b70b45
2026-08-15T08:30:27Z	1786782627	wrapper_v3_contracts_passed	positive_exit=0 wrong_shim_digest_exit=125 computed_shim_sha256=394b1f670ae9ca03ed267c9b3b41335c14ea5a7e6d685308e5f0648e7e40476d wrong_expected_prefix=38 fail_closed=true
2026-08-15T08:31:22Z	1786782682	wrapper_v3_deployed	canonical_wrapper_sha256=acdfc24bed559672f46111216ccfbedbabbf38115c6999213fda6a635c4e80ca root_rw_negative_exit=125 reboot_to_read_only=true
2026-08-15T08:32:54Z	1786782774	canonical_v3_read_only_passed	root_mount=ro verify_exit=0 service_start_parameter=0 service_stopped=true canonical_wrapper_sha256=acdfc24bed559672f46111216ccfbedbabbf38115c6999213fda6a635c4e80ca
2026-08-15T08:33:04Z	1786782784	device_clock_sync_requested	target_epoch=1786782775 source=host_utc device_clock_was_invalid_since_reboot=true
2026-08-15T08:34:02Z	1786782842	device_clock_synchronized	initial_sync_file_sha256=d4bbd30ca5920574af75b5f6f2d6d2899148aad3cf60acc8c7bf93792e43460d resync_file_sha256=5ea044c2b84b779a03c978d3c2c49d66a51667e501b2cc4cd90597b5d5aa6bd9 immediate_host_epoch=1786782827 device_epoch_after=1786782827 source=host_utc_command_substitution
2026-08-15T08:35:08Z	1786782908	runtime_identity_verified	device_runtime_identity_sha256=86ee49f26774348bf5da86d762cba741367b24f698b94e13338f42769d81431f root_mount=ro pid=2337 ppid=1 uid=3063 selinux=u:r:hiprofilerd:s0 executable=/system/bin/hiprofilerd.arktrace-original shim_mapped=true canonical_verify_exit=0
2026-08-15T08:35:34Z	1786782934	preflight_start	command=hiprofiler_cmd_-c_/data/local/tmp/arktrace-dayu200-20260815T081830Z-preflight-15s.pbtxt_-o_/data/local/tmp/arktrace-dayu200-20260815T081830Z-preflight-15s.htrace config_sha256=cbb596157be05e0ed7bd17881055e253d6d3963ce8c03562a880ca89be816c49
2026-08-15T08:36:33Z	1786782993	preflight_rejected_before_capture	cause=missing_required_cli_time_option command_output_sha256=eef1047867403a072a7deecd6d31f71f69ce50b7c7ccadc6a8749cf43308016c device_message=please_input_a_valid_time_value output_created=false misleading_cli_exit=0
2026-08-15T08:37:11Z	1786783031	capture_commands_corrected	inputs_final_manifest_sha256=d34f22dacc88a5357f17bbb477e507624bf875468a51d0db6c01cf8a5facb781 preflight_command_sha256=6dd46b4c7bc20bb1eaa981d8ac0d9e2e7828c0d9994f07d00c463703c810f23f capture_command_sha256=98a5d48355a3a410ab408ebd11c7e183c5a5e77a66fd37d6168c95b656d7f4d0 explicit_cli_time_required=true
2026-08-15T08:37:11Z	1786783031	preflight_v2_start	command=hiprofiler_cmd_-t_15_-c_/data/local/tmp/arktrace-dayu200-20260815T081830Z-preflight-15s.pbtxt_-o_/data/local/tmp/arktrace-dayu200-20260815T081830Z-preflight-15s.htrace command_sha256=6dd46b4c7bc20bb1eaa981d8ac0d9e2e7828c0d9994f07d00c463703c810f23f
2026-08-15T08:38:43Z	1786783123	preflight_v2_rejected	cause=ftrace_plugin_service_not_started daemon_log=ftrace-plugin_not_found device_hilog_sha256=7cd06c6bf7e0e7aac4833b490dcad4d9a0a59e1d07d6198c6fc3c73e3bd94fe3 command_output_sha256=c4937ccab586c86caad0c935a62c6fe77f005349ce273c954c77527d8b0225b5 failed_artifact_size=1153 failed_artifact_sha256=75d4809185503e5d8bc133e333014f7433719940c0c06b984296691f59c297ad accepted_as_capture=false
2026-08-15T08:39:37Z	1786783177	plugin_service_ready	plugin_service_pid=2574 plugin_service_state=2 ftrace_plugin_listed=true failed_preflight_preserved=/private/tmp/arktrace-dayu200-recapture-20260815T081830Z/preflight-v2-failed-1153.htrace failed_preflight_sha256=75d4809185503e5d8bc133e333014f7433719940c0c06b984296691f59c297ad device_failed_path_removed=true recoverable=true
2026-08-15T08:39:48Z	1786783188	preflight_v3_start	command=hiprofiler_cmd_-t_15_-c_/data/local/tmp/arktrace-dayu200-20260815T081830Z-preflight-15s.pbtxt_-o_/data/local/tmp/arktrace-dayu200-20260815T081830Z-preflight-15s.htrace command_sha256=6dd46b4c7bc20bb1eaa981d8ac0d9e2e7828c0d9994f07d00c463703c810f23f ftrace_plugin_ready=true
2026-08-15T08:40:33Z	1786783233	preflight_v3_device_complete	device_epoch=1786783219 cli_exit=0 size=2044246 device_sha256=6043e6bc54f1c58ded3d437281238d1d4d4085ed72e60b87fc79aef4a3f4b658 command_output_sha256=cace618a2c97758b5e92b49217eba4eb15371f923ecf61560c32ab9566e548c0
2026-08-15T08:41:32Z	1786783292	preflight_v3_verified	host_device_sha256_match=true trace_sha256=6043e6bc54f1c58ded3d437281238d1d4d4085ed72e60b87fc79aef4a3f4b658 size=2044246 allocated_bytes=2048000 verifier_exit=0 segment_count=1 protobuf_packet_count=694 payload_sha256=704adf4172f5c16837f714597f3d7a7d0b3860d3d0253668524269819f4dca58 integrity_json_sha256=81d6434ee529d1cc2431ca7d4350994292aca04fea2f8474bfd31b7c35ebf4ba
2026-08-15T08:42:18Z	1786783338	formal_capture_start	session_id=20260815T081830Z command=hiprofiler_cmd_-t_600_-c_/data/local/tmp/arktrace-dayu200-20260815T081830Z-600s.pbtxt_-o_/data/local/tmp/arktrace-dayu200-20260815T081830Z-600s.htrace command_sha256=98a5d48355a3a410ab408ebd11c7e183c5a5e77a66fd37d6168c95b656d7f4d0 config_sha256=ace0e3bb22e0fa31b990fe7b446a35607d685963245de1ab5c6a1a89cfa1fead formal_prestart_sha256=c2347e36dfd96730b34b5bd55a4af154415f8afbdc94d27222f820f3152af371 root_mount=ro output_preexisting=false
2026-08-15T08:42:35Z	1786783355	formal_workload_start	command=sh_/data/local/tmp/arktrace-dayu200-20260815T081830Z-swipe-workload.sh workload_sha256=5c99f65e3dbb76513794b0b1503a9ccff38f0c18574a0e6e0f812bcaa36de2d7
2026-08-15T08:43:05Z	1786783385	formal_capture_running	device_epoch=1786783370 capture_pid=2720 workload_pid=2737 byte_count=19214756 hiprofilerd_pid=2337 plugin_pid=2574
2026-08-15T08:44:09Z	1786783449	formal_capture_milestone_1	device_epoch=1786783437 byte_count=76035810 allocated_512_blocks=148664 capture_alive=true workload_alive=true
2026-08-15T08:45:30Z	1786783530	formal_capture_milestone_2	device_epoch=1786783503 byte_count=126790662 allocated_512_blocks=247888 capture_alive=true workload_alive=true projected_under_500MiB=true
2026-08-15T08:45:30Z	1786783530	formal_burst_workload_start	command=sh_/data/local/tmp/arktrace-dayu200-20260815T081830Z-final-swipe-burst.sh workload_sha256=8928412ab727e048b97122a386e37286636a21cef382fcfb78ca2b6d97ef3caf reason=increase_real_event_rate_to_exceed_500MiB
2026-08-15T08:46:46Z	1786783606	formal_capture_milestone_3	device_epoch=1786783596 byte_count=242195511 allocated_512_blocks=473512 capture_alive=true workload_alive=true burst_alive=true projected_over_500MiB=true
2026-08-15T08:47:54Z	1786783674	formal_capture_milestone_4	device_epoch=1786783664 byte_count=324806289 allocated_512_blocks=635024 capture_alive=true workload_alive=true burst_alive=true
2026-08-15T08:48:59Z	1786783739	formal_capture_milestone_5	device_epoch=1786783730 byte_count=407275666 allocated_512_blocks=796248 capture_alive=true workload_alive=true burst_alive=true
2026-08-15T08:50:12Z	1786783812	formal_capture_milestone_6	device_epoch=1786783795 byte_count=479686116 allocated_512_blocks=937816 capture_alive=true workload_alive=true burst_alive=true bytes_to_500MiB=44601884
2026-08-15T08:51:22Z	1786783882	formal_capture_milestone_7	device_epoch=1786783870 byte_count=576625113 allocated_512_blocks=1127336 exceeds_500MiB=true capture_alive=true workload_alive=true burst_alive=true
2026-08-15T08:52:38Z	1786783958	formal_capture_process_exited	cli_exit=0 natural_duration_complete=true output=StopSession_done_DestroySession_done_DONE
2026-08-15T08:53:51Z	1786784031	formal_device_artifact_fixed	device_epoch=1786783985 byte_count=674044067 allocated_bytes=674709504 exceeds_500MiB=true device_sha256=087105c0eca1b766b7907fdf044c9e19f1f571f49b96e893883eb0ccea4ff6d3 device_complete_record_sha256=f7775b0f23beb2503bb926dedf304d1e0fb393ba35545ed5d77082029bdadc51 capture_output_sha256=93c29f21fe60c39f0db88df751c75ffd1c4905001b84c01b483c2c64330bdb84 root_mount=ro runtime_verify=PASS workload_term_pids=2737,3462,2735,3460 trace_sha_after_term_unchanged=true
2026-08-15T08:54:50Z	1786784090	formal_integrity_verified	host_device_sha256_match=true trace_sha256=087105c0eca1b766b7907fdf044c9e19f1f571f49b96e893883eb0ccea4ff6d3 byte_count=674044067 host_allocated_bytes=682614784 regular_file=true sparse=false link_count=1 verifier_exit=0 segment_count=1 protobuf_packet_count=120672 payload_sha256=cdd98842be21ef9a8d2e5968f6d3369543f1a6413185caae35960ac333a701c5 integrity_json_sha256=78a36ef017e281db4ae56ff711aa1d3fc95fff3f2217efe502ce9af7aa5e488f
2026-08-15T08:56:23Z	1786784183	pinned_trace_streamer_verified	parser_sha256=e0167fbb13bf666dd589c7b27d697683bec2762ec66cefc935139e6da49ecbbf parser_revision=447a0a49a7b3b914d6e9bd00648ba5a340f6fbf6 database_sha256=9bc1a1c84a06333cf4105e91d2a7035f0b2493dea2d488fd3cecce42803c4596 database_size=675753984 quick_check=ok trace_duration_ns=598338869077 process=4437 thread=5285 sched_slice=2599251 thread_state=4965866 callstack=1867490 sqlite_verification_sha256=bc2757c5b46bef0193047e6a8292aef2e081ba4e16db58a888b2fd0607be9798
2026-08-15T08:56:23Z	1786784183	system_restore_start	target=/system/bin/hiprofilerd original_sha256=878a8837e0b7eb9f6c26735271096e80bf296f7e57765ae21752432225ad8607 remove_wrapper=true remove_shim=true reboot_required=true
2026-08-15T08:57:52Z	1786784272	system_original_restored_pre_reboot	original_sha256=878a8837e0b7eb9f6c26735271096e80bf296f7e57765ae21752432225ad8607 owner=root:shell mode=0755 selinux=u:object_r:hiprofilerd_exec:s0 renamed_original_absent=true system_shim_absent=true services_stopped=true
2026-08-15T09:00:18Z	1786784418	acquisition_complete	trace_sha256=087105c0eca1b766b7907fdf044c9e19f1f571f49b96e893883eb0ccea4ff6d3 integrity_pass=true parser_import_pass=true system_restored=true reboot_complete=true root_mount=ro original_daemon_sha256=878a8837e0b7eb9f6c26735271096e80bf296f7e57765ae21752432225ad8607 system_temp_files_absent=true service_pid=2260 plugin_pid=2241 shim_mapped=false device_restored_final_sha256=7bb8ba66104dbfbda0bdf5ad2d22febd4665e62c98e10b57d47b88946fdd304f
